<Ui xmlns="http://www.blizzard.com/wow/ui/" xmlns:xsi="http://www.w3.org/2001/XMLSchema-instance" xsi:schemaLocation="http://www.blizzard.com/wow/ui/
..\FrameXML\UI.xsd">
	<Script file="Helpers.lua"/>
	<Include file="Fonts.xml"/>
	<!-- Intrinsics -->
	<Include file="IndexButton/IndexButton.xml"/>
	<Include file="PieMenu/PieMenu.xml"/>
	<!-- Widget templates -->
	<Include file="Container/Container.xml"/>
	<Include file="HintBar/HintBar.xml"/>
	<Include file="ActionButton/ActionButton.xml"/>
	<Include file="Popup/Popup.xml"/>
</Ui>
