<Ui xmlns="http://www.blizzard.com/wow/ui/" xmlns:xsi="http://www.w3.org/2001/XMLSchema-instance" xsi:schemaLocation="http://www.blizzard.com/wow/ui/
..\FrameXML\UI.xsd">
	<!-- Interface -->
	<Script file="Gamepad/Gamepad.lua"/>
	<!-- Assets -->
	<Script file="Gamepad/Default.lua"/>
	<Script file="Gamepad/Atlas.lua"/>
	<!-- Controller presets -->
	<Script file="Gamepad/Xbox/Xbox.lua"/>
	<Script file="Gamepad/PlayStation/PlayStation4.lua"/>
	<Script file="Gamepad/PlayStation/PlayStation5.lua"/>
	<!--
	<Script file="STEAM/Steam.lua"/>
	<Script file="XBOX/Xbox.lua"/>
	<Script file="XBOXELITE/XboxElite.lua"/>
	<Script file="WII/WII.lua"/>
	-->
</Ui>
