<Ui xmlns="http://www.blizzard.com/wow/ui/" xmlns:xsi="http://www.w3.org/2001/XMLSchema-instance" xsi:schemaLocation="http://www.blizzard.com/wow/ui/
..\FrameXML\UI.xsd">
	<!--><Include file="Templates\ActionButton.xml"/>
	<Include file="Templates\FrameTemplateUI.xml"/>
	<Include file="Templates\IconIntroTemplate.xml"/>
	<Include file="Templates\MenuUI.xml"/>
	<Include file="Templates\Ring.xml"/>
	<Include file="Templates\Popup.xml"/>-->
	
	<Include file="Frames/Frames.xml"/>
	<Include file="Templates/Templates.xml"/>
</Ui>
